[
  {
    "id": "edc8ebca-6d89-46be-acd3-b85506e6186b",
    "data": [
      {
        "text": "describe the ",
        "userDefined": false
      },
      {
        "text": "lake",
        "alias": "location",
        "meta": "@locations",
        "userDefined": true
      }
    ],
    "isTemplate": false,
    "count": 0,
    "updated": 0
  },
  {
    "id": "80021a5b-4ffc-41f5-8029-aa9896561aba",
    "data": [
      {
        "text": "what does the ",
        "userDefined": false
      },
      {
        "text": "sword",
        "alias": "Items",
        "meta": "@Items",
        "userDefined": true
      },
      {
        "text": " look like",
        "userDefined": false
      }
    ],
    "isTemplate": false,
    "count": 1
  },
  {
    "id": "352fc98b-76c6-436a-9f23-7fdf0bd9dca0",
    "data": [
      {
        "text": "describe ",
        "userDefined": false
      },
      {
        "text": "me",
        "alias": "Items",
        "meta": "@Items",
        "userDefined": false
      }
    ],
    "isTemplate": false,
    "count": 1
  },
  {
    "id": "4fe7f22d-c8e5-4122-b8b4-68642172e398",
    "data": [
      {
        "text": "is the ",
        "userDefined": false
      },
      {
        "text": "sword",
        "alias": "Items",
        "meta": "@Items",
        "userDefined": true
      },
      {
        "text": " sharp?",
        "userDefined": false
      }
    ],
    "isTemplate": false,
    "count": 0
  }
]