[
  {
    "id": "e32537de-ed9b-40ec-9df5-ba808a10eaca",
    "data": [
      {
        "text": "Enable auto look around",
        "userDefined": false
      }
    ],
    "isTemplate": false,
    "count": 0
  },
  {
    "id": "dff816e3-1318-44c2-af80-76f58acf4233",
    "data": [
      {
        "text": "Alert ",
        "userDefined": false
      },
      {
        "text": "me",
        "meta": "@sys.ignore",
        "userDefined": false
      },
      {
        "text": " of new things",
        "userDefined": false
      }
    ],
    "isTemplate": false,
    "count": 0
  },
  {
    "id": "8c035ca8-0e00-40f1-9609-f820a32d2007",
    "data": [
      {
        "text": "Can you tell me when something is coming ",
        "userDefined": false
      },
      {
        "text": "up",
        "meta": "@sys.ignore",
        "userDefined": false
      }
    ],
    "isTemplate": false,
    "count": 0
  }
]