[
  {
    "id": "1f2c6042-9be6-49e9-b509-7b2bf01e822c",
    "data": [
      {
        "text": "i\u0027m a developer",
        "userDefined": false
      }
    ],
    "isTemplate": false,
    "count": 1
  },
  {
    "id": "865a470a-97a4-4d1e-abb9-776625f6cfa7",
    "data": [
      {
        "text": "debug",
        "alias": "debug",
        "meta": "@debug",
        "userDefined": false
      }
    ],
    "isTemplate": false,
    "count": 1
  },
  {
    "id": "34cbb3ac-0b84-4f1e-bb6a-df66f6ed837f",
    "data": [
      {
        "text": "can you enable ",
        "userDefined": false
      },
      {
        "text": "debug",
        "alias": "debug",
        "meta": "@debug",
        "userDefined": false
      }
    ],
    "isTemplate": false,
    "count": 0
  },
  {
    "id": "f90f6a50-1981-4947-a2ec-a23664a0074f",
    "data": [
      {
        "text": "enable ",
        "userDefined": false
      },
      {
        "text": "debug",
        "alias": "debug",
        "meta": "@debug",
        "userDefined": false
      }
    ],
    "isTemplate": false,
    "count": 1,
    "updated": 1511704874
  }
]