[
  {
    "id": "ea5e0418-2fb2-45d9-9e62-a24975cea0c9",
    "data": [
      {
        "text": "let\u0027s go ",
        "userDefined": false
      },
      {
        "text": "north",
        "alias": "direction",
        "meta": "@direction",
        "userDefined": false
      }
    ],
    "isTemplate": false,
    "count": 0
  },
  {
    "id": "cf32cbd7-fbf2-4545-bf58-4f6f75457fe9",
    "data": [
      {
        "text": "go ",
        "userDefined": false
      },
      {
        "text": "south",
        "alias": "direction",
        "meta": "@direction",
        "userDefined": false
      }
    ],
    "isTemplate": false,
    "count": 0
  },
  {
    "id": "aec13bfb-b0dd-4721-ab64-0c3b0b7c515f",
    "data": [
      {
        "text": "go ",
        "userDefined": false
      },
      {
        "text": "north",
        "alias": "direction",
        "meta": "@direction",
        "userDefined": false
      }
    ],
    "isTemplate": false,
    "count": 0
  }
]