[
  {
    "id": "a8e481b3-157d-47e9-8a23-db301bbbd642",
    "data": [
      {
        "text": "help",
        "userDefined": false
      }
    ],
    "isTemplate": false,
    "count": 0,
    "updated": 1511720695
  },
  {
    "id": "04334645-0370-4fce-a913-12b0e6a61a5c",
    "data": [
      {
        "text": "what can ",
        "userDefined": false
      },
      {
        "text": "i",
        "meta": "@sys.ignore",
        "userDefined": false
      },
      {
        "text": " do",
        "userDefined": false
      }
    ],
    "isTemplate": false,
    "count": 0,
    "updated": 1511720695
  },
  {
    "id": "1c6fb208-44f1-47e5-b93d-27536d2bd86f",
    "data": [
      {
        "text": "Hello",
        "userDefined": false
      }
    ],
    "isTemplate": false,
    "count": 0
  }
]