[
  {
    "id": "c21b2dd0-5a63-4682-a84c-86f837a88717",
    "data": [
      {
        "text": "what\u0027s there now",
        "userDefined": false
      }
    ],
    "isTemplate": false,
    "count": 0
  },
  {
    "id": "3cb91ecb-690d-4403-b16d-45631ea250e0",
    "data": [
      {
        "text": "what do ",
        "userDefined": false
      },
      {
        "text": "i",
        "meta": "@sys.ignore",
        "userDefined": false
      },
      {
        "text": " see?",
        "userDefined": false
      }
    ],
    "isTemplate": false,
    "count": 1
  },
  {
    "id": "a20611a7-962c-4184-a524-977588275fe9",
    "data": [
      {
        "text": "anything interesting?",
        "userDefined": false
      }
    ],
    "isTemplate": false,
    "count": 1
  },
  {
    "id": "c679800c-7bcb-4738-a372-ea617665e290",
    "data": [
      {
        "text": "do ",
        "userDefined": false
      },
      {
        "text": "i",
        "meta": "@sys.ignore",
        "userDefined": false
      },
      {
        "text": " see something new?",
        "userDefined": false
      }
    ],
    "isTemplate": false,
    "count": 1
  },
  {
    "id": "39998e36-9770-457d-bef5-4cedb58f1a7b",
    "data": [
      {
        "text": "what\u0027s arround",
        "userDefined": false
      }
    ],
    "isTemplate": false,
    "count": 1
  },
  {
    "id": "9b9c47c6-8bde-4b4f-bd9f-84ddcf2a6993",
    "data": [
      {
        "text": "where am i?",
        "userDefined": false
      }
    ],
    "isTemplate": false,
    "count": 0,
    "updated": 0
  },
  {
    "id": "afc42bb2-924e-41b6-943b-a04ea4c71f50",
    "data": [
      {
        "text": "describe surroundings",
        "userDefined": false
      }
    ],
    "isTemplate": false,
    "count": 0,
    "updated": 0
  },
  {
    "id": "fd1404ae-59c3-4a17-8761-b546733d244d",
    "data": [
      {
        "text": "look around",
        "userDefined": false
      }
    ],
    "isTemplate": false,
    "count": 0,
    "updated": 0
  }
]