[
  {
    "id": "1415ed7e-673b-4bb5-9f19-c93a8d4514aa",
    "data": [
      {
        "text": "I",
        "meta": "@sys.ignore",
        "userDefined": false
      },
      {
        "text": " don\u0027t want to play anymore",
        "userDefined": false
      }
    ],
    "isTemplate": false,
    "count": 0,
    "updated": 1511716013
  },
  {
    "id": "2b047729-dcd5-4c63-8a6f-7c2d857adf92",
    "data": [
      {
        "text": "Quit",
        "userDefined": false
      }
    ],
    "isTemplate": false,
    "count": 0,
    "updated": 1511716013
  }
]