[
  {
    "id": "04f7489d-f821-4057-885f-e0e8190f0a17",
    "data": [
      {
        "text": "please get ",
        "userDefined": false
      },
      {
        "text": "me",
        "alias": "Items",
        "meta": "@Items",
        "userDefined": false
      },
      {
        "text": " out of here",
        "userDefined": false
      }
    ],
    "isTemplate": false,
    "count": 0,
    "updated": 1511710505
  },
  {
    "id": "08960aff-5835-42d2-8add-9a65fdc72beb",
    "data": [
      {
        "text": "how do ",
        "userDefined": false
      },
      {
        "text": "i",
        "meta": "@sys.ignore",
        "userDefined": false
      },
      {
        "text": " get outa here",
        "userDefined": false
      }
    ],
    "isTemplate": false,
    "count": 0,
    "updated": 1511710505
  },
  {
    "id": "2261f089-5c5a-4437-a0e0-ee6b4c9c35ce",
    "data": [
      {
        "text": "where can ",
        "userDefined": false
      },
      {
        "text": "i",
        "meta": "@sys.ignore",
        "userDefined": false
      },
      {
        "text": " find the exit",
        "userDefined": false
      }
    ],
    "isTemplate": false,
    "count": 0,
    "updated": 1511710505
  }
]