[
  {
    "id": "bf4c9287-4400-427e-ad6b-b6c64a0ba294",
    "data": [
      {
        "text": "talk to my test app",
        "userDefined": false
      }
    ],
    "isTemplate": false,
    "count": 0
  },
  {
    "id": "42689bc1-145a-431e-9f94-eea0e8f0909f",
    "data": [
      {
        "text": "i",
        "meta": "@sys.ignore",
        "userDefined": false
      },
      {
        "text": " want to try again",
        "userDefined": false
      }
    ],
    "isTemplate": false,
    "count": 1
  },
  {
    "id": "b624093e-60db-4272-8b34-b4dbe6a567ff",
    "data": [
      {
        "text": "start game",
        "userDefined": false
      }
    ],
    "isTemplate": false,
    "count": 1
  },
  {
    "id": "05706e08-a377-42e9-9d32-eb2c37e13b22",
    "data": [
      {
        "text": "restart",
        "userDefined": false
      }
    ],
    "isTemplate": false,
    "count": 0,
    "updated": 1495381007
  },
  {
    "id": "26e94017-f18e-427f-b576-c2ce632f9d32",
    "data": [
      {
        "text": "Let me try again",
        "userDefined": false
      }
    ],
    "isTemplate": false,
    "count": 0,
    "updated": 0
  },
  {
    "id": "80c69239-2256-45c9-bd28-5f787ab68d5a",
    "data": [
      {
        "text": "Lets start again",
        "userDefined": false
      }
    ],
    "isTemplate": false,
    "count": 0,
    "updated": 0
  },
  {
    "id": "8d46f394-dbac-4dd6-8d4a-69c371fbf711",
    "data": [
      {
        "text": "Let\u0027s start a new game",
        "userDefined": false
      }
    ],
    "isTemplate": false,
    "count": 0,
    "updated": 0
  }
]