[
  {
    "id": "98d87a50-e18a-4dad-b664-12940ff31104",
    "data": [
      {
        "text": "restart",
        "userDefined": false
      }
    ],
    "isTemplate": false,
    "count": 0,
    "updated": 1495381007
  },
  {
    "id": "12422d41-e713-433b-b9fb-bcb103406c54",
    "data": [
      {
        "text": "i",
        "meta": "@sys.ignore",
        "userDefined": false
      },
      {
        "text": " want to try again",
        "userDefined": false
      }
    ],
    "isTemplate": false,
    "count": 1
  },
  {
    "id": "932dde15-534c-4840-9a5a-61cb9567856d",
    "data": [
      {
        "text": "Lets start again",
        "userDefined": false
      }
    ],
    "isTemplate": false,
    "count": 0,
    "updated": 0
  },
  {
    "id": "54b108f8-54ea-452b-8f94-20973da52bac",
    "data": [
      {
        "text": "start game",
        "userDefined": false
      }
    ],
    "isTemplate": false,
    "count": 1
  },
  {
    "id": "c555a2b5-9e5e-4b91-be2a-01a8a3d018f9",
    "data": [
      {
        "text": "Let\u0027s start a new game",
        "userDefined": false
      }
    ],
    "isTemplate": false,
    "count": 0,
    "updated": 0
  },
  {
    "id": "ab6d0f39-de68-4a7f-8d90-f2b268c57178",
    "data": [
      {
        "text": "talk to my test app",
        "userDefined": false
      }
    ],
    "isTemplate": false,
    "count": 0
  },
  {
    "id": "3fb6abbb-d375-41b6-9646-7d7c464d78fc",
    "data": [
      {
        "text": "Let me try again",
        "userDefined": false
      }
    ],
    "isTemplate": false,
    "count": 0,
    "updated": 0
  }
]